volume,page,method,anchor,url,status,http_code,final_url,hops,note
SLTB-vol-1.pdf,3,ocr,,https://www.nih.gov/about-nih/who-we-are/nih-leadership,BROKEN,404,https://www.nih.gov/about-nih/who-we-are/nih-leadership,0,
SLTB-vol-1.pdf,4,ocr,,https://www.nih.gov/about-nih/who-we-are/nih-leadership,BROKEN,404,https://www.nih.gov/about-nih/who-we-are/nih-leadership,0,
SLTB-vol-1.pdf,5,ocr,,https://www.nih.gov/about-nih/who-we-are/nih-leadership,BROKEN,404,https://www.nih.gov/about-nih/who-we-are/nih-leadership,0,
SLTB-vol-1.pdf,6,ocr,,https://www.nih.gov/about-nih/who-we-are/nih-leadership,BROKEN,404,https://www.nih.gov/about-nih/who-we-are/nih-leadership,0,
SLTB-vol-1.pdf,7,ocr,,https://www.nih.gov/about-nih/who-we-are/nih-leadership,BROKEN,404,https://www.nih.gov/about-nih/who-we-are/nih-leadership,0,
SLTB-vol-1.pdf,8,ocr,,https://www.nih.gov/about-nih/who-we-are/nih-leadership,BROKEN,404,https://www.nih.gov/about-nih/who-we-are/nih-leadership,0,
SLTB-vol-1.pdf,9,ocr,,https://www.nih.gov/about-nih/who-we-are/organization,BROKEN,404,https://www.nih.gov/about-nih/who-we-are/organization,0,
SLTB-vol-1.pdf,10,ocr,,https://www.nih.gov/institutes-nih/directors-nih-institutes-centers,OK,200,https://www.nih.gov/institutes-nih/directors-nih-institutes-centers,0,
SLTB-vol-1.pdf,11,ocr,,https://www.nih.gov/institutes-nih/directors-nih-institutes-centers,OK,200,https://www.nih.gov/institutes-nih/directors-nih-institutes-centers,0,
SLTB-vol-1.pdf,12,ocr,,https://www.nih.gov/institutes-nih/list-institutes-centers,OK,200,https://www.nih.gov/institutes-nih/list-institutes-centers,0,
SLTB-vol-1.pdf,13,ocr,,https://www.nih.gov/institutes-nih/list-institutes-centers,OK,200,https://www.nih.gov/institutes-nih/list-institutes-centers,0,
SLTB-vol-1.pdf,14,ocr,,https://www.nih.gov/institutes-nih/list-institutes-centers,OK,200,https://www.nih.gov/institutes-nih/list-institutes-centers,0,
SLTB-vol-1.pdf,15,ocr,,https://www.nih.gov/about-nih/what-we-do/budget,REDIRECT,200,https://www.nih.gov/about-nih/organization/budget,1,update link to final URL
SLTB-vol-1.pdf,16,ocr,,https://officeofbudget.od.nih.gov,OK,200,https://officeofbudget.od.nih.gov/,0,
SLTB-vol-1.pdf,17,ocr,,https://hr.nih.gov/about/hr-contacts?ic=All,BROKEN,404,https://hr.nih.gov/about/hr-contacts?ic=All,0,
SLTB-vol-1.pdf,18,ocr,,https://hr.nih.gov/about/faq/benefits/pay/payroll,BROKEN,404,https://hr.nih.gov/about/faq/benefits/pay/payroll,0,
SLTB-vol-1.pdf,19,ocr,,https://hr.nih.gov/about/faq/benefits/pay/payroll,BROKEN,404,https://hr.nih.gov/about/faq/benefits/pay/payroll,0,
SLTB-vol-1.pdf,20,ocr,,https://hr.nih.gov/about/faq/benefits/pay/payroll,BROKEN,404,https://hr.nih.gov/about/faq/benefits/pay/payroll,0,
SLTB-vol-1.pdf,21,ocr,,https://hr.nih.gov/about/faq/benefits/pay/payroll,BROKEN,404,https://hr.nih.gov/about/faq/benefits/pay/payroll,0,
SLTB-vol-1.pdf,22,ocr,,https://www.nih.gov/about-nih/visitor-information/maps,RESTRICTED,403,https://www.nih.gov/about-nih/visitor-information/maps,0,access denied - may be intranet-only or bot-blocked
SLTB-vol-1.pdf,23,ocr,,https://www.nih.gov/about-nih/visitor-information,OK,200,https://www.nih.gov/about-nih/visitor-information,0,
SLTB-vol-1.pdf,24,ocr,,https://www.nih.gov/research-training/training-opportunities,OK,200,https://www.nih.gov/research-training/training-opportunities,0,
SLTB-vol-2.pdf,4,manifest,footer source URL,https://www.nih.nih.gov/about,ERROR,,,0,"ConnectionError: HTTPSConnectionPool(host='www.nih.nih.gov', port=443): Max retries exceeded with url: /about (Caused by NameResolutionError(""HTTPSConnection(host='www.nih.nih.gov', port=443): Failed "
SLTB-vol-2.pdf,5,manifest,footer source URL,https://www.nih.nih.gov/about,ERROR,,,0,"ConnectionError: HTTPSConnectionPool(host='www.nih.nih.gov', port=443): Max retries exceeded with url: /about (Caused by NameResolutionError(""HTTPSConnection(host='www.nih.nih.gov', port=443): Failed "
SLTB-vol-2.pdf,6,manifest,footer source URL,https://www.nih.nih.gov/about,ERROR,,,0,"ConnectionError: HTTPSConnectionPool(host='www.nih.nih.gov', port=443): Max retries exceeded with url: /about (Caused by NameResolutionError(""HTTPSConnection(host='www.nih.nih.gov', port=443): Failed "
SLTB-vol-2.pdf,7,manifest,footer source URL,https://www.nia.nih.gov/about/staff/hodes-richard,RESTRICTED,405,https://www.nia.nih.gov/about/staff/hodes-richard,0,405 to automated requests - check in a browser
SLTB-vol-2.pdf,8,manifest,footer source URL,https://www.nia.nih.gov/about/staff/kelley-amy,RESTRICTED,405,https://www.nia.nih.gov/about/staff/kelley-amy,0,405 to automated requests - check in a browser
SLTB-vol-2.pdf,9,manifest,footer source URL,https://www.nia.nih.gov/about/staff/shirdon-patrick,RESTRICTED,405,https://www.nia.nih.gov/about/staff/shirdon-patrick,0,405 to automated requests - check in a browser
SLTB-vol-2.pdf,10,manifest,footer source URL,https://www.nia.nih.gov/about/staff/kelley-melinda,RESTRICTED,405,https://www.nia.nih.gov/about/staff/kelley-melinda,0,405 to automated requests - check in a browser
SLTB-vol-2.pdf,11,manifest,footer source URL,https://www.nia.nih.gov/about/staff/ferrucci-luigi,RESTRICTED,405,https://www.nia.nih.gov/about/staff/ferrucci-luigi,0,405 to automated requests - check in a browser
SLTB-vol-2.pdf,12,manifest,footer source URL,https://www.nia.nih.gov/about/staff/santora-kenneth,RESTRICTED,405,https://www.nia.nih.gov/about/staff/santora-kenneth,0,405 to automated requests - check in a browser
SLTB-vol-2.pdf,13,manifest,footer source URL,https://www.nia.nih.gov/about/staff/nielsen-helen,RESTRICTED,405,https://www.nia.nih.gov/about/staff/nielsen-helen,0,405 to automated requests - check in a browser
SLTB-vol-2.pdf,14,manifest,footer source URL,https://www.nia.nih.gov/about/staff/hadley-evan,RESTRICTED,405,https://www.nia.nih.gov/about/staff/hadley-evan,0,405 to automated requests - check in a browser
SLTB-vol-2.pdf,15,manifest,footer source URL,https://www.nia.nih.gov/about/budget,RESTRICTED,405,https://www.nia.nih.gov/about/budget,0,405 to automated requests - check in a browser
SLTB-vol-2.pdf,16,manifest,footer source URL,https://hr.nih.gov/about/hr-contacts?ic=1611,BROKEN,404,https://hr.nih.gov/about/hr-contacts?ic=1611,0,
SLTB-vol-2.pdf,17,manifest,footer source URL,https://www.nia.nih.gov/about/staff,RESTRICTED,405,https://www.nia.nih.gov/about/staff,0,405 to automated requests - check in a browser
SLTB-vol-2.pdf,18,manifest,footer source URL,https://hr.nih.gov/working-nih/dismissal-and-closures/procedures,RESTRICTED,200,https://login.microsoftonline.com:443/14b77578-9773-42d5-8507-251ca2dc2b06/oauth2/authorize?client_id=00000003-0000-0ff1-ce00-000000000000&response_mode=form_post&ear_jwe_crypto=eyJhbGciOiJFQ0RILUVTIiwiZW5jIjoiQTI1NkdDTSIsImFwdiI6IkFBQUFDVVZoY2tOc2FXVnVkR2dBQUFCRlEwc3pNQUFBQUR2RW1Cb1EycU5wYWIwTkd2Vmt5dmpSTFd1YzhLdDd5L3NQVTh4WG1md0pGc2pEZXkwL2luS1FzZjRvTGJlSHJyYnZBUjB1RXJpNkxVcHREWXhxeThQYVEreDQwTU5IbmtEd2xTcEpBQ21CUVhRQWlGSzRYZGsrQ0FOczE0Z3cyZ0FBQUJpY3A3UE9Ub2NoM0w5ZTh0ejl4VUhldjRsSUlJNlNwVU09In0%3D&ear_jwk=eyJhbGciOiJFQ0RILUVTIiwiY3J2IjoiUC0zODQiLCJ4IjoiQUFBQU1EdkVtQm9RMnFOcGFiME5HdlZreXZqUkxXdWM4S3Q3eS9zUFU4eFhtZndKRnNqRGV5MC9pbktRc2Y0b0xiZUhyZz09IiwieSI6IkFBQUFNTGJ2QVIwdUVyaTZMVXB0RFl4cXk4UGFRK3g0ME1OSG5rRHdsU3BKQUNtQlFYUUFpRks0WGRrK0NBTnMxNGd3Mmc9PSIsImt0eSI6IkVDIn0%3D&spa_client_id=08e18876-6177-487e-b8b5-cf950c1e598c&client_info=1&response_type=code%20id_token%20spa_rt&resource=00000003-0000-0ff1-ce00-000000000000&scope=openid&nonce=EC02E72E0BCAC65466BC6552445BE6A39EEB5135AE994FDC-9F41685D1DD2E7364745D24AA8F9D8AB694980AD85902B3E4D06D498A9309964&redirect_uri=https%3A%2F%2Fnih.sharepoint.com%2F_forms%2Fdefault.aspx&state=OD0wJjMyPUFBTHZSd0FBQUJRNzI4MlFkU1lLamZBU0pYSiUyRmI4aVo4VzV2aHVMOEs0eG9NN2hKaXNDa2NadVdkNFJiOVBaMHZEQjd6MCUyRjNwV0hKOGh3dklwZ2c1Z2VBZmR5VVBFd0NjUEQ1UUxXT09MRVNNQ25QVzQ4c1RzbUNvJTJCS1RyJTJCVjZLZTdLZyUyRk5lNmV2OE11SDVqVVJzdjljeHhBcnZJaVNwcHJOU0J0MFM1V3o3SWpuaUN5QThTbmh4T3F5bDFHcXMwWW9XUjhLNFRSMW0zeEdOS08xSUtkcE1NUGM3V29pbTJ0SWo4dWFIdSUyRjI0YlNJV1E2dHpTNlh1VmRVOFZwNWhxV1pXZnQxSkpuckV1d0Jlb0dScUVhJTJCQlVsckEzSGtKeUd4MWglMkZEV3JxZ0hrd2ZlZ2p2M0NobnYxRzNaWDFpNzJoWnRoZEZTSGZxOXZrM2dKdlElMkYydkIzUjVKcWd2R2VBUmlPcGM5R3pla1NXckxmZEFyTkhKZzlNMHZnUDVOemRBJTNEJTNE&claims=%7B%22id_token%22%3A%7B%22xms_cc%22%3A%7B%22values%22%3A%5B%22CP1%22%5D%7D%7D%7D&wsucxt=1&cobrandid=11bd8083-87e0-41b5-bb78-0bc43c8a8e8a&client-request-id=394d40a2-70c6-f000-70e8-16fdcd5ed570,4,now redirects to a sign-in page (moved behind login)
SLTB-vol-2.pdf,19,manifest,footer source URL,https://hr.nih.gov/working-nih/dismissal-and-closures/procedures,RESTRICTED,200,https://login.microsoftonline.com:443/14b77578-9773-42d5-8507-251ca2dc2b06/oauth2/authorize?client_id=00000003-0000-0ff1-ce00-000000000000&response_mode=form_post&ear_jwe_crypto=eyJhbGciOiJFQ0RILUVTIiwiZW5jIjoiQTI1NkdDTSIsImFwdiI6IkFBQUFDVVZoY2tOc2FXVnVkR2dBQUFCRlEwc3pNQUFBQUR2RW1Cb1EycU5wYWIwTkd2Vmt5dmpSTFd1YzhLdDd5L3NQVTh4WG1md0pGc2pEZXkwL2luS1FzZjRvTGJlSHJyYnZBUjB1RXJpNkxVcHREWXhxeThQYVEreDQwTU5IbmtEd2xTcEpBQ21CUVhRQWlGSzRYZGsrQ0FOczE0Z3cyZ0FBQUJpY3A3UE9Ub2NoM0w5ZTh0ejl4VUhldjRsSUlJNlNwVU09In0%3D&ear_jwk=eyJhbGciOiJFQ0RILUVTIiwiY3J2IjoiUC0zODQiLCJ4IjoiQUFBQU1EdkVtQm9RMnFOcGFiME5HdlZreXZqUkxXdWM4S3Q3eS9zUFU4eFhtZndKRnNqRGV5MC9pbktRc2Y0b0xiZUhyZz09IiwieSI6IkFBQUFNTGJ2QVIwdUVyaTZMVXB0RFl4cXk4UGFRK3g0ME1OSG5rRHdsU3BKQUNtQlFYUUFpRks0WGRrK0NBTnMxNGd3Mmc9PSIsImt0eSI6IkVDIn0%3D&spa_client_id=08e18876-6177-487e-b8b5-cf950c1e598c&client_info=1&response_type=code%20id_token%20spa_rt&resource=00000003-0000-0ff1-ce00-000000000000&scope=openid&nonce=EC02E72E0BCAC65466BC6552445BE6A39EEB5135AE994FDC-9F41685D1DD2E7364745D24AA8F9D8AB694980AD85902B3E4D06D498A9309964&redirect_uri=https%3A%2F%2Fnih.sharepoint.com%2F_forms%2Fdefault.aspx&state=OD0wJjMyPUFBTHZSd0FBQUJRNzI4MlFkU1lLamZBU0pYSiUyRmI4aVo4VzV2aHVMOEs0eG9NN2hKaXNDa2NadVdkNFJiOVBaMHZEQjd6MCUyRjNwV0hKOGh3dklwZ2c1Z2VBZmR5VVBFd0NjUEQ1UUxXT09MRVNNQ25QVzQ4c1RzbUNvJTJCS1RyJTJCVjZLZTdLZyUyRk5lNmV2OE11SDVqVVJzdjljeHhBcnZJaVNwcHJOU0J0MFM1V3o3SWpuaUN5QThTbmh4T3F5bDFHcXMwWW9XUjhLNFRSMW0zeEdOS08xSUtkcE1NUGM3V29pbTJ0SWo4dWFIdSUyRjI0YlNJV1E2dHpTNlh1VmRVOFZwNWhxV1pXZnQxSkpuckV1d0Jlb0dScUVhJTJCQlVsckEzSGtKeUd4MWglMkZEV3JxZ0hrd2ZlZ2p2M0NobnYxRzNaWDFpNzJoWnRoZEZTSGZxOXZrM2dKdlElMkYydkIzUjVKcWd2R2VBUmlPcGM5R3pla1NXckxmZEFyTkhKZzlNMHZnUDVOemRBJTNEJTNE&claims=%7B%22id_token%22%3A%7B%22xms_cc%22%3A%7B%22values%22%3A%5B%22CP1%22%5D%7D%7D%7D&wsucxt=1&cobrandid=11bd8083-87e0-41b5-bb78-0bc43c8a8e8a&client-request-id=394d40a2-70c6-f000-70e8-16fdcd5ed570,4,now redirects to a sign-in page (moved behind login)
SLTB-vol-2.pdf,20,manifest,footer source URL,https://hr.nih.gov/working-nih/dismissal-and-closures/procedures,RESTRICTED,200,https://login.microsoftonline.com:443/14b77578-9773-42d5-8507-251ca2dc2b06/oauth2/authorize?client_id=00000003-0000-0ff1-ce00-000000000000&response_mode=form_post&ear_jwe_crypto=eyJhbGciOiJFQ0RILUVTIiwiZW5jIjoiQTI1NkdDTSIsImFwdiI6IkFBQUFDVVZoY2tOc2FXVnVkR2dBQUFCRlEwc3pNQUFBQUR2RW1Cb1EycU5wYWIwTkd2Vmt5dmpSTFd1YzhLdDd5L3NQVTh4WG1md0pGc2pEZXkwL2luS1FzZjRvTGJlSHJyYnZBUjB1RXJpNkxVcHREWXhxeThQYVEreDQwTU5IbmtEd2xTcEpBQ21CUVhRQWlGSzRYZGsrQ0FOczE0Z3cyZ0FBQUJpY3A3UE9Ub2NoM0w5ZTh0ejl4VUhldjRsSUlJNlNwVU09In0%3D&ear_jwk=eyJhbGciOiJFQ0RILUVTIiwiY3J2IjoiUC0zODQiLCJ4IjoiQUFBQU1EdkVtQm9RMnFOcGFiME5HdlZreXZqUkxXdWM4S3Q3eS9zUFU4eFhtZndKRnNqRGV5MC9pbktRc2Y0b0xiZUhyZz09IiwieSI6IkFBQUFNTGJ2QVIwdUVyaTZMVXB0RFl4cXk4UGFRK3g0ME1OSG5rRHdsU3BKQUNtQlFYUUFpRks0WGRrK0NBTnMxNGd3Mmc9PSIsImt0eSI6IkVDIn0%3D&spa_client_id=08e18876-6177-487e-b8b5-cf950c1e598c&client_info=1&response_type=code%20id_token%20spa_rt&resource=00000003-0000-0ff1-ce00-000000000000&scope=openid&nonce=EC02E72E0BCAC65466BC6552445BE6A39EEB5135AE994FDC-9F41685D1DD2E7364745D24AA8F9D8AB694980AD85902B3E4D06D498A9309964&redirect_uri=https%3A%2F%2Fnih.sharepoint.com%2F_forms%2Fdefault.aspx&state=OD0wJjMyPUFBTHZSd0FBQUJRNzI4MlFkU1lLamZBU0pYSiUyRmI4aVo4VzV2aHVMOEs0eG9NN2hKaXNDa2NadVdkNFJiOVBaMHZEQjd6MCUyRjNwV0hKOGh3dklwZ2c1Z2VBZmR5VVBFd0NjUEQ1UUxXT09MRVNNQ25QVzQ4c1RzbUNvJTJCS1RyJTJCVjZLZTdLZyUyRk5lNmV2OE11SDVqVVJzdjljeHhBcnZJaVNwcHJOU0J0MFM1V3o3SWpuaUN5QThTbmh4T3F5bDFHcXMwWW9XUjhLNFRSMW0zeEdOS08xSUtkcE1NUGM3V29pbTJ0SWo4dWFIdSUyRjI0YlNJV1E2dHpTNlh1VmRVOFZwNWhxV1pXZnQxSkpuckV1d0Jlb0dScUVhJTJCQlVsckEzSGtKeUd4MWglMkZEV3JxZ0hrd2ZlZ2p2M0NobnYxRzNaWDFpNzJoWnRoZEZTSGZxOXZrM2dKdlElMkYydkIzUjVKcWd2R2VBUmlPcGM5R3pla1NXckxmZEFyTkhKZzlNMHZnUDVOemRBJTNEJTNE&claims=%7B%22id_token%22%3A%7B%22xms_cc%22%3A%7B%22values%22%3A%5B%22CP1%22%5D%7D%7D%7D&wsucxt=1&cobrandid=11bd8083-87e0-41b5-bb78-0bc43c8a8e8a&client-request-id=394d40a2-70c6-f000-70e8-16fdcd5ed570,4,now redirects to a sign-in page (moved behind login)
SLTB-vol-2.pdf,21,manifest,footer source URL,https://hr.nih.gov/working-nih/dismissal-and-closures/procedures,RESTRICTED,200,https://login.microsoftonline.com:443/14b77578-9773-42d5-8507-251ca2dc2b06/oauth2/authorize?client_id=00000003-0000-0ff1-ce00-000000000000&response_mode=form_post&ear_jwe_crypto=eyJhbGciOiJFQ0RILUVTIiwiZW5jIjoiQTI1NkdDTSIsImFwdiI6IkFBQUFDVVZoY2tOc2FXVnVkR2dBQUFCRlEwc3pNQUFBQUR2RW1Cb1EycU5wYWIwTkd2Vmt5dmpSTFd1YzhLdDd5L3NQVTh4WG1md0pGc2pEZXkwL2luS1FzZjRvTGJlSHJyYnZBUjB1RXJpNkxVcHREWXhxeThQYVEreDQwTU5IbmtEd2xTcEpBQ21CUVhRQWlGSzRYZGsrQ0FOczE0Z3cyZ0FBQUJpY3A3UE9Ub2NoM0w5ZTh0ejl4VUhldjRsSUlJNlNwVU09In0%3D&ear_jwk=eyJhbGciOiJFQ0RILUVTIiwiY3J2IjoiUC0zODQiLCJ4IjoiQUFBQU1EdkVtQm9RMnFOcGFiME5HdlZreXZqUkxXdWM4S3Q3eS9zUFU4eFhtZndKRnNqRGV5MC9pbktRc2Y0b0xiZUhyZz09IiwieSI6IkFBQUFNTGJ2QVIwdUVyaTZMVXB0RFl4cXk4UGFRK3g0ME1OSG5rRHdsU3BKQUNtQlFYUUFpRks0WGRrK0NBTnMxNGd3Mmc9PSIsImt0eSI6IkVDIn0%3D&spa_client_id=08e18876-6177-487e-b8b5-cf950c1e598c&client_info=1&response_type=code%20id_token%20spa_rt&resource=00000003-0000-0ff1-ce00-000000000000&scope=openid&nonce=EC02E72E0BCAC65466BC6552445BE6A39EEB5135AE994FDC-9F41685D1DD2E7364745D24AA8F9D8AB694980AD85902B3E4D06D498A9309964&redirect_uri=https%3A%2F%2Fnih.sharepoint.com%2F_forms%2Fdefault.aspx&state=OD0wJjMyPUFBTHZSd0FBQUJRNzI4MlFkU1lLamZBU0pYSiUyRmI4aVo4VzV2aHVMOEs0eG9NN2hKaXNDa2NadVdkNFJiOVBaMHZEQjd6MCUyRjNwV0hKOGh3dklwZ2c1Z2VBZmR5VVBFd0NjUEQ1UUxXT09MRVNNQ25QVzQ4c1RzbUNvJTJCS1RyJTJCVjZLZTdLZyUyRk5lNmV2OE11SDVqVVJzdjljeHhBcnZJaVNwcHJOU0J0MFM1V3o3SWpuaUN5QThTbmh4T3F5bDFHcXMwWW9XUjhLNFRSMW0zeEdOS08xSUtkcE1NUGM3V29pbTJ0SWo4dWFIdSUyRjI0YlNJV1E2dHpTNlh1VmRVOFZwNWhxV1pXZnQxSkpuckV1d0Jlb0dScUVhJTJCQlVsckEzSGtKeUd4MWglMkZEV3JxZ0hrd2ZlZ2p2M0NobnYxRzNaWDFpNzJoWnRoZEZTSGZxOXZrM2dKdlElMkYydkIzUjVKcWd2R2VBUmlPcGM5R3pla1NXckxmZEFyTkhKZzlNMHZnUDVOemRBJTNEJTNE&claims=%7B%22id_token%22%3A%7B%22xms_cc%22%3A%7B%22values%22%3A%5B%22CP1%22%5D%7D%7D%7D&wsucxt=1&cobrandid=11bd8083-87e0-41b5-bb78-0bc43c8a8e8a&client-request-id=394d40a2-70c6-f000-70e8-16fdcd5ed570,4,now redirects to a sign-in page (moved behind login)
SLTB-vol-2.pdf,22,manifest,footer source URL,https://hr.nih.gov/working-nih/dismissal-and-closures/procedures,RESTRICTED,200,https://login.microsoftonline.com:443/14b77578-9773-42d5-8507-251ca2dc2b06/oauth2/authorize?client_id=00000003-0000-0ff1-ce00-000000000000&response_mode=form_post&ear_jwe_crypto=eyJhbGciOiJFQ0RILUVTIiwiZW5jIjoiQTI1NkdDTSIsImFwdiI6IkFBQUFDVVZoY2tOc2FXVnVkR2dBQUFCRlEwc3pNQUFBQUR2RW1Cb1EycU5wYWIwTkd2Vmt5dmpSTFd1YzhLdDd5L3NQVTh4WG1md0pGc2pEZXkwL2luS1FzZjRvTGJlSHJyYnZBUjB1RXJpNkxVcHREWXhxeThQYVEreDQwTU5IbmtEd2xTcEpBQ21CUVhRQWlGSzRYZGsrQ0FOczE0Z3cyZ0FBQUJpY3A3UE9Ub2NoM0w5ZTh0ejl4VUhldjRsSUlJNlNwVU09In0%3D&ear_jwk=eyJhbGciOiJFQ0RILUVTIiwiY3J2IjoiUC0zODQiLCJ4IjoiQUFBQU1EdkVtQm9RMnFOcGFiME5HdlZreXZqUkxXdWM4S3Q3eS9zUFU4eFhtZndKRnNqRGV5MC9pbktRc2Y0b0xiZUhyZz09IiwieSI6IkFBQUFNTGJ2QVIwdUVyaTZMVXB0RFl4cXk4UGFRK3g0ME1OSG5rRHdsU3BKQUNtQlFYUUFpRks0WGRrK0NBTnMxNGd3Mmc9PSIsImt0eSI6IkVDIn0%3D&spa_client_id=08e18876-6177-487e-b8b5-cf950c1e598c&client_info=1&response_type=code%20id_token%20spa_rt&resource=00000003-0000-0ff1-ce00-000000000000&scope=openid&nonce=EC02E72E0BCAC65466BC6552445BE6A39EEB5135AE994FDC-9F41685D1DD2E7364745D24AA8F9D8AB694980AD85902B3E4D06D498A9309964&redirect_uri=https%3A%2F%2Fnih.sharepoint.com%2F_forms%2Fdefault.aspx&state=OD0wJjMyPUFBTHZSd0FBQUJRNzI4MlFkU1lLamZBU0pYSiUyRmI4aVo4VzV2aHVMOEs0eG9NN2hKaXNDa2NadVdkNFJiOVBaMHZEQjd6MCUyRjNwV0hKOGh3dklwZ2c1Z2VBZmR5VVBFd0NjUEQ1UUxXT09MRVNNQ25QVzQ4c1RzbUNvJTJCS1RyJTJCVjZLZTdLZyUyRk5lNmV2OE11SDVqVVJzdjljeHhBcnZJaVNwcHJOU0J0MFM1V3o3SWpuaUN5QThTbmh4T3F5bDFHcXMwWW9XUjhLNFRSMW0zeEdOS08xSUtkcE1NUGM3V29pbTJ0SWo4dWFIdSUyRjI0YlNJV1E2dHpTNlh1VmRVOFZwNWhxV1pXZnQxSkpuckV1d0Jlb0dScUVhJTJCQlVsckEzSGtKeUd4MWglMkZEV3JxZ0hrd2ZlZ2p2M0NobnYxRzNaWDFpNzJoWnRoZEZTSGZxOXZrM2dKdlElMkYydkIzUjVKcWd2R2VBUmlPcGM5R3pla1NXckxmZEFyTkhKZzlNMHZnUDVOemRBJTNEJTNE&claims=%7B%22id_token%22%3A%7B%22xms_cc%22%3A%7B%22values%22%3A%5B%22CP1%22%5D%7D%7D%7D&wsucxt=1&cobrandid=11bd8083-87e0-41b5-bb78-0bc43c8a8e8a&client-request-id=394d40a2-70c6-f000-70e8-16fdcd5ed570,4,now redirects to a sign-in page (moved behind login)
SLTB-vol-2.pdf,23,manifest,footer source URL,https://www.nia.nih.gov/research/grants-funding/announcements,RESTRICTED,405,https://www.nia.nih.gov/research/grants-funding/announcements,0,405 to automated requests - check in a browser
SLTB-vol-3.pdf,4,manifest,footer source URL,https://www.nia.nih.gov/research/dab,RESTRICTED,405,https://www.nia.nih.gov/research/dab,0,405 to automated requests - check in a browser
SLTB-vol-3.pdf,5,manifest,footer source URL,https://www.nia.nih.gov/research/dab,RESTRICTED,405,https://www.nia.nih.gov/research/dab,0,405 to automated requests - check in a browser
SLTB-vol-4.pdf,2,annotation,,https://online.fliphtml5.com/dsred/btyc/,OK,200,https://online.fliphtml5.com/dsred/btyc/,0,
SLTB-vol-4.pdf,2,annotation,,https://online.fliphtml5.com/dsred/btyc/,OK,200,https://online.fliphtml5.com/dsred/btyc/,0,
SLTB-vol-4.pdf,3,annotation,,https://www.nih.gov/institutes-nih/nih-office-director,OK,200,https://www.nih.gov/institutes-nih/nih-office-director,0,
SLTB-vol-4.pdf,3,annotation,,https://www.nih.gov/about-nih/who-we-are/nih-director,REDIRECT,200,https://www.nih.gov/about-nih/nih-director,1,update link to final URL
SLTB-vol-4.pdf,3,annotation,,https://www.nih.gov/about-nih/who-we-are/nih-director,REDIRECT,200,https://www.nih.gov/about-nih/nih-director,1,update link to final URL
SLTB-vol-4.pdf,3,annotation,,https://www.nih.gov/about-nih/what-we-do/nih-almanac/deputy-directors,REDIRECT,200,https://www.nih.gov/about-nih/nih-almanac/deputy-directors,1,update link to final URL
SLTB-vol-4.pdf,3,annotation,,https://www.nih.gov/about-nih/who-we-are/nih-director,REDIRECT,200,https://www.nih.gov/about-nih/nih-director,1,update link to final URL
SLTB-vol-4.pdf,3,annotation,,https://www.nih.gov/about-nih/who-we-are/nih-director,REDIRECT,200,https://www.nih.gov/about-nih/nih-director,1,update link to final URL
SLTB-vol-4.pdf,3,annotation,,https://www.nih.gov/about-nih/who-we-are/nih-leadership,BROKEN,404,https://www.nih.gov/about-nih/who-we-are/nih-leadership,0,
SLTB-vol-4.pdf,4,annotation,,https://www.nih.gov/about-nih/who-we-are/nih-leadership,BROKEN,404,https://www.nih.gov/about-nih/who-we-are/nih-leadership,0,
SLTB-vol-4.pdf,5,annotation,,https://www.nih.gov/institutes-nih/directors-nih-institutes-centers,OK,200,https://www.nih.gov/institutes-nih/directors-nih-institutes-centers,0,
SLTB-vol-4.pdf,5,annotation,,https://www.nih.gov/about-nih/who-we-are/nih-director,REDIRECT,200,https://www.nih.gov/about-nih/nih-director,1,update link to final URL
SLTB-vol-4.pdf,5,annotation,,https://www.nih.gov/about-nih/who-we-are/nih-director,REDIRECT,200,https://www.nih.gov/about-nih/nih-director,1,update link to final URL
SLTB-vol-4.pdf,5,annotation,,https://www.cancer.gov/about-nci/leadership/director,OK,200,https://www.cancer.gov/about-nci/leadership/director,0,
SLTB-vol-4.pdf,5,annotation,,https://www.cancer.gov/about-nci/leadership/director,OK,200,https://www.cancer.gov/about-nci/leadership/director,0,
SLTB-vol-4.pdf,5,annotation,,https://www.nei.nih.gov/about/nei-leadership/michael-f-chiang-md,REDIRECT,200,https://www.nei.nih.gov/about/nei-leadership/michael-f-chiang,1,update link to final URL
SLTB-vol-4.pdf,5,annotation,,https://www.nei.nih.gov/about/nei-leadership/michael-f-chiang-md,REDIRECT,200,https://www.nei.nih.gov/about/nei-leadership/michael-f-chiang,1,update link to final URL
SLTB-vol-4.pdf,5,annotation,,https://www.nidcr.nih.gov/about-us/leadership-staff/office-of-the-director/rena-dsouza-dds-ms-phd,REDIRECT,200,https://www.nidcr.nih.gov/about-us/nidcr-leadership/jennifer-webster-cyriaque-dds-phd,1,update link to final URL
SLTB-vol-4.pdf,5,annotation,,https://www.nidcr.nih.gov/about-us/leadership-staff/office-of-the-director/rena-dsouza-dds-ms-phd,REDIRECT,200,https://www.nidcr.nih.gov/about-us/nidcr-leadership/jennifer-webster-cyriaque-dds-phd,1,update link to final URL
SLTB-vol-4.pdf,5,annotation,,https://www.nhlbi.nih.gov/about/leadership/gibbons-gary,OK,200,https://www.nhlbi.nih.gov/about/leadership/gibbons-gary,0,
SLTB-vol-4.pdf,5,annotation,,https://www.nhlbi.nih.gov/about/leadership/gibbons-gary,OK,200,https://www.nhlbi.nih.gov/about/leadership/gibbons-gary,0,
SLTB-vol-4.pdf,5,annotation,,https://www.genome.gov/About-NHGRI/Director,RESTRICTED,403,https://www.genome.gov/About-NHGRI/Director,0,access denied - may be intranet-only or bot-blocked
SLTB-vol-4.pdf,5,annotation,,https://www.genome.gov/About-NHGRI/Director,RESTRICTED,403,https://www.genome.gov/About-NHGRI/Director,0,access denied - may be intranet-only or bot-blocked
SLTB-vol-4.pdf,5,annotation,,https://www.niaid.nih.gov/about/director,RESTRICTED,403,https://www.niaid.nih.gov/about/director,0,access denied - may be intranet-only or bot-blocked
SLTB-vol-4.pdf,5,annotation,,https://www.niaid.nih.gov/about/director,RESTRICTED,403,https://www.niaid.nih.gov/about/director,0,access denied - may be intranet-only or bot-blocked
SLTB-vol-4.pdf,5,annotation,,https://www.nia.nih.gov/about/staff/hodes-richard,RESTRICTED,405,https://www.nia.nih.gov/about/staff/hodes-richard,0,405 to automated requests - check in a browser
SLTB-vol-4.pdf,5,annotation,,https://www.niams.nih.gov/about/about-the-director,REDIRECT,200,https://www.niams.nih.gov/about/niams-leadership/deputy-director,1,update link to final URL
SLTB-vol-4.pdf,5,annotation,,https://www.niams.nih.gov/about/about-the-director,REDIRECT,200,https://www.niams.nih.gov/about/niams-leadership/deputy-director,1,update link to final URL
SLTB-vol-4.pdf,5,annotation,,https://www.niaaa.nih.gov/about-niaaa/directors-page,OK,200,https://www.niaaa.nih.gov/about-niaaa/directors-page,0,
SLTB-vol-4.pdf,5,annotation,,https://www.nibib.nih.gov/about-nibib/staff/bruce-j-tromberg,OK,200,https://www.nibib.nih.gov/about-nibib/staff/bruce-j-tromberg,0,
SLTB-vol-4.pdf,5,annotation,,https://www.nibib.nih.gov/about-nibib/staff/bruce-j-tromberg,OK,200,https://www.nibib.nih.gov/about-nibib/staff/bruce-j-tromberg,0,
SLTB-vol-4.pdf,5,annotation,,https://www.nichd.nih.gov/about/profiles/leadership/director,OK,200,https://www.nichd.nih.gov/about/profiles/leadership/director,0,
SLTB-vol-4.pdf,5,annotation,,https://www.nichd.nih.gov/about/profiles/leadership/director,OK,200,https://www.nichd.nih.gov/about/profiles/leadership/director,0,
SLTB-vol-4.pdf,5,annotation,,https://www.nidcd.nih.gov/about/staff/debara-tucci,OK,200,https://www.nidcd.nih.gov/about/staff/debara-tucci,0,
SLTB-vol-4.pdf,5,annotation,,https://www.nidcd.nih.gov/about/staff/debara-tucci,OK,200,https://www.nidcd.nih.gov/about/staff/debara-tucci,0,
SLTB-vol-4.pdf,6,annotation,,https://www.nigms.nih.gov/about/director/pages/default.aspx,REDIRECT,200,https://www.nigms.nih.gov/about/director/Pages/default,3,update link to final URL
SLTB-vol-4.pdf,6,annotation,,https://www.nimh.nih.gov/about/director,OK,200,https://www.nimh.nih.gov/about/director,0,
SLTB-vol-4.pdf,6,annotation,,https://www.nimh.nih.gov/about/director,OK,200,https://www.nimh.nih.gov/about/director,0,
SLTB-vol-4.pdf,6,annotation,,https://www.cc.nih.gov/about/senior-staff/james-gilman,RESTRICTED,403,https://www.cc.nih.gov/about/senior-staff/james-gilman,0,access denied - may be intranet-only or bot-blocked
SLTB-vol-4.pdf,6,annotation,,https://www.cc.nih.gov/about/senior-staff/james-gilman,RESTRICTED,403,https://www.cc.nih.gov/about/senior-staff/james-gilman,0,access denied - may be intranet-only or bot-blocked
SLTB-vol-4.pdf,6,annotation,,https://nimhd.nih.gov/about/directors-corner/about.html,BROKEN,404,https://www.nimhd.nih.gov/about/directors-corner/about.html,1,
SLTB-vol-4.pdf,6,annotation,,https://nimhd.nih.gov/about/directors-corner/about.html,BROKEN,404,https://www.nimhd.nih.gov/about/directors-corner/about.html,1,
SLTB-vol-4.pdf,6,annotation,,https://www.ninds.nih.gov/about-ninds/who-we-are/directors-corner,OK,200,https://www.ninds.nih.gov/about-ninds/who-we-are/directors-corner,0,
SLTB-vol-4.pdf,6,annotation,,https://www.ninds.nih.gov/about-ninds/who-we-are/directors-corner,OK,200,https://www.ninds.nih.gov/about-ninds/who-we-are/directors-corner,0,
SLTB-vol-4.pdf,6,annotation,,https://cit.nih.gov/about-cit/leadership,RESTRICTED,403,https://cit.nih.gov/about-cit/leadership,0,access denied - may be intranet-only or bot-blocked
SLTB-vol-4.pdf,6,annotation,,https://www.ninr.nih.gov/aboutninr/shannon-n-zenk-phd-mph-rn-faan,RESTRICTED,403,https://www.ninr.nih.gov/aboutninr/shannon-n-zenk-phd-mph-rn-faan,0,access denied - may be intranet-only or bot-blocked
SLTB-vol-4.pdf,6,annotation,,https://www.ninr.nih.gov/aboutninr/shannon-n-zenk-phd-mph-rn-faan,RESTRICTED,403,https://www.ninr.nih.gov/aboutninr/shannon-n-zenk-phd-mph-rn-faan,0,access denied - may be intranet-only or bot-blocked
SLTB-vol-4.pdf,6,annotation,,https://public.csr.nih.gov/AboutCSR/Director,REDIRECT,200,https://public.csr.nih.gov/AboutCSR/StaffDirectory/2085,1,update link to final URL
SLTB-vol-4.pdf,6,annotation,,https://www.nlm.nih.gov/od/roster/Stephen-Sherry-bio.html,OK,200,https://www.nlm.nih.gov/od/roster/Stephen-Sherry-bio.html,0,
SLTB-vol-4.pdf,6,annotation,,https://www.nlm.nih.gov/od/roster/Stephen-Sherry-bio.html,OK,200,https://www.nlm.nih.gov/od/roster/Stephen-Sherry-bio.html,0,
SLTB-vol-4.pdf,6,annotation,,https://www.fic.nih.gov/About/Pages/director-bio.aspx,OK,200,https://www.fic.nih.gov/About/Pages/director-bio.aspx,0,
SLTB-vol-4.pdf,6,annotation,,https://www.fic.nih.gov/About/Pages/director-bio.aspx,OK,200,https://www.fic.nih.gov/About/Pages/director-bio.aspx,0,
SLTB-vol-4.pdf,6,annotation,,https://www.nccih.nih.gov/about/offices/od/about-director,OK,200,https://www.nccih.nih.gov/about/offices/od/about-director,0,
SLTB-vol-4.pdf,6,annotation,,https://www.nccih.nih.gov/about/offices/od/about-director,OK,200,https://www.nccih.nih.gov/about/offices/od/about-director,0,
SLTB-vol-4.pdf,6,annotation,,https://ncats.nih.gov/about/director/bio,OK,200,https://ncats.nih.gov/about/director/bio,0,
SLTB-vol-4.pdf,6,annotation,,https://hr.nih.gov/jobs/executive/lookbook/niddk/director,BROKEN,404,https://hr.nih.gov/jobs/executive/lookbook/niddk/director,0,
SLTB-vol-4.pdf,6,annotation,,https://hr.nih.gov/jobs/executive/lookbook/niddk/director,BROKEN,404,https://hr.nih.gov/jobs/executive/lookbook/niddk/director,0,
SLTB-vol-4.pdf,6,annotation,,https://nida.nih.gov/about-nida/directors-page,OK,202,https://nida.nih.gov/about-nida/directors-page,0,
SLTB-vol-4.pdf,6,annotation,,https://www.niehs.nih.gov/about/od/director,OK,200,https://www.niehs.nih.gov/about/od/director,0,
SLTB-vol-4.pdf,6,annotation,,https://www.nih.gov/institutes-nih/directors-nih-institutes-centers,OK,200,https://www.nih.gov/institutes-nih/directors-nih-institutes-centers,0,
SLTB-vol-4.pdf,8,annotation,,https://online.fliphtml5.com/dsred/nhrk/,OK,200,https://online.fliphtml5.com/dsred/nhrk/,0,
SLTB-vol-4.pdf,8,annotation,,https://online.fliphtml5.com/dsred/waqu/,OK,200,https://online.fliphtml5.com/dsred/waqu/,0,
SLTB-vol-4.pdf,9,annotation,,https://www.nia.nih.gov/about/staff/hodes-richard,RESTRICTED,405,https://www.nia.nih.gov/about/staff/hodes-richard,0,405 to automated requests - check in a browser
SLTB-vol-4.pdf,9,annotation,,https://www.nia.nih.gov/about/staff/kelley-amy,RESTRICTED,405,https://www.nia.nih.gov/about/staff/kelley-amy,0,405 to automated requests - check in a browser
SLTB-vol-4.pdf,9,annotation,,https://www.nia.nih.gov/about/staff/shirdon-patrick,RESTRICTED,405,https://www.nia.nih.gov/about/staff/shirdon-patrick,0,405 to automated requests - check in a browser
SLTB-vol-4.pdf,9,annotation,,https://www.nia.nih.gov/about/staff/kelley-melinda,RESTRICTED,405,https://www.nia.nih.gov/about/staff/kelley-melinda,0,405 to automated requests - check in a browser
SLTB-vol-4.pdf,9,annotation,,https://www.nia.nih.gov/about/staff/ferrucci-luigi,RESTRICTED,405,https://www.nia.nih.gov/about/staff/ferrucci-luigi,0,405 to automated requests - check in a browser
SLTB-vol-4.pdf,9,annotation,,https://www.nia.nih.gov/about/staff/santora-kenneth,RESTRICTED,405,https://www.nia.nih.gov/about/staff/santora-kenneth,0,405 to automated requests - check in a browser
SLTB-vol-4.pdf,9,annotation,,https://www.nia.nih.gov/about/staff/nielsen-helen,RESTRICTED,405,https://www.nia.nih.gov/about/staff/nielsen-helen,0,405 to automated requests - check in a browser
SLTB-vol-4.pdf,9,annotation,,https://www.nia.nih.gov/research/dgcg/about-gcg-staff-listings,RESTRICTED,405,https://www.nia.nih.gov/research/dgcg/about-gcg-staff-listings,0,405 to automated requests - check in a browser
SLTB-vol-4.pdf,9,annotation,,https://www.nia.nih.gov/about/staff/kelley-amy,RESTRICTED,405,https://www.nia.nih.gov/about/staff/kelley-amy,0,405 to automated requests - check in a browser
SLTB-vol-4.pdf,14,annotation,,https://online.fliphtml5.com/dsred/aaez/,OK,200,https://online.fliphtml5.com/dsred/aaez/,0,
SLTB-vol-4.pdf,14,annotation,,https://online.fliphtml5.com/dsred/rcfx/,OK,200,https://online.fliphtml5.com/dsred/rcfx/,0,
SLTB-vol-4.pdf,19,annotation,,https://online.fliphtml5.com/dsred/waqu/,OK,200,https://online.fliphtml5.com/dsred/waqu/,0,
SLTB-vol-4.pdf,19,annotation,,https://online.fliphtml5.com/dsred/aaez/,OK,200,https://online.fliphtml5.com/dsred/aaez/,0,
SLTB-vol-4.pdf,19,annotation,,https://online.fliphtml5.com/dsred/btyc/,OK,200,https://online.fliphtml5.com/dsred/btyc/,0,
