volume,page,anchor,url
SLTB-vol-2.pdf,4,footer source URL,https://www.nih.nih.gov/about
SLTB-vol-2.pdf,5,footer source URL,https://www.nih.nih.gov/about
SLTB-vol-2.pdf,6,footer source URL,https://www.nih.nih.gov/about
SLTB-vol-2.pdf,7,footer source URL,https://www.nia.nih.gov/about/staff/hodes-richard
SLTB-vol-2.pdf,8,footer source URL,https://www.nia.nih.gov/about/staff/kelley-amy
SLTB-vol-2.pdf,9,footer source URL,https://www.nia.nih.gov/about/staff/shirdon-patrick
SLTB-vol-2.pdf,10,footer source URL,https://www.nia.nih.gov/about/staff/kelley-melinda
SLTB-vol-2.pdf,11,footer source URL,https://www.nia.nih.gov/about/staff/ferrucci-luigi
SLTB-vol-2.pdf,12,footer source URL,https://www.nia.nih.gov/about/staff/santora-kenneth
SLTB-vol-2.pdf,13,footer source URL,https://www.nia.nih.gov/about/staff/nielsen-helen
SLTB-vol-2.pdf,14,footer source URL,https://www.nia.nih.gov/about/staff/hadley-evan
SLTB-vol-2.pdf,15,footer source URL,https://www.nia.nih.gov/about/budget
SLTB-vol-2.pdf,16,footer source URL,https://hr.nih.gov/about/hr-contacts?ic=1611
SLTB-vol-2.pdf,17,footer source URL,https://www.nia.nih.gov/about/staff
SLTB-vol-2.pdf,18,footer source URL,https://hr.nih.gov/working-nih/dismissal-and-closures/procedures
SLTB-vol-2.pdf,19,footer source URL,https://hr.nih.gov/working-nih/dismissal-and-closures/procedures
SLTB-vol-2.pdf,20,footer source URL,https://hr.nih.gov/working-nih/dismissal-and-closures/procedures
SLTB-vol-2.pdf,21,footer source URL,https://hr.nih.gov/working-nih/dismissal-and-closures/procedures
SLTB-vol-2.pdf,22,footer source URL,https://hr.nih.gov/working-nih/dismissal-and-closures/procedures
SLTB-vol-2.pdf,23,footer source URL,https://www.nia.nih.gov/research/grants-funding/announcements
SLTB-vol-3.pdf,4,footer source URL,https://www.nia.nih.gov/research/dab
SLTB-vol-3.pdf,5,footer source URL,https://www.nia.nih.gov/research/dab
