volume,pages,producer,flattened,page,method,anchor,url
SLTB-vol-1.pdf,25,Microsoft: Print To PDF,1,3,ocr,,https://www.nih.gov/about-nih/who-we-are/nih-leadership
SLTB-vol-1.pdf,25,Microsoft: Print To PDF,1,4,ocr,,https://www.nih.gov/about-nih/who-we-are/nih-leadership
SLTB-vol-1.pdf,25,Microsoft: Print To PDF,1,5,ocr,,https://www.nih.gov/about-nih/who-we-are/nih-leadership
SLTB-vol-1.pdf,25,Microsoft: Print To PDF,1,6,ocr,,https://www.nih.gov/about-nih/who-we-are/nih-leadership
SLTB-vol-1.pdf,25,Microsoft: Print To PDF,1,7,ocr,,https://www.nih.gov/about-nih/who-we-are/nih-leadership
SLTB-vol-1.pdf,25,Microsoft: Print To PDF,1,8,ocr,,https://www.nih.gov/about-nih/who-we-are/nih-leadership
SLTB-vol-1.pdf,25,Microsoft: Print To PDF,1,9,ocr,,https://www.nih.gov/about-nih/who-we-are/organization
SLTB-vol-1.pdf,25,Microsoft: Print To PDF,1,10,ocr,,https://www.nih.gov/institutes-nih/directors-nih-institutes-centers
SLTB-vol-1.pdf,25,Microsoft: Print To PDF,1,11,ocr,,https://www.nih.gov/institutes-nih/directors-nih-institutes-centers
SLTB-vol-1.pdf,25,Microsoft: Print To PDF,1,12,ocr,,https://www.nih.gov/institutes-nih/list-institutes-centers
SLTB-vol-1.pdf,25,Microsoft: Print To PDF,1,13,ocr,,https://www.nih.gov/institutes-nih/list-institutes-centers
SLTB-vol-1.pdf,25,Microsoft: Print To PDF,1,14,ocr,,https://www.nih.gov/institutes-nih/list-institutes-centers
SLTB-vol-1.pdf,25,Microsoft: Print To PDF,1,15,ocr,,https://www.nih.gov/about-nih/what-we-do/budget
SLTB-vol-1.pdf,25,Microsoft: Print To PDF,1,16,ocr,,https://officeofbudget.od.nih.gov
SLTB-vol-1.pdf,25,Microsoft: Print To PDF,1,17,ocr,,https://hr.nih.gov/about/hr-contacts?ic=All
SLTB-vol-1.pdf,25,Microsoft: Print To PDF,1,18,ocr,,https://hr.nih.gov/about/faq/benefits/pay/payroll
SLTB-vol-1.pdf,25,Microsoft: Print To PDF,1,19,ocr,,https://hr.nih.gov/about/faq/benefits/pay/payroll
SLTB-vol-1.pdf,25,Microsoft: Print To PDF,1,20,ocr,,https://hr.nih.gov/about/faq/benefits/pay/payroll
SLTB-vol-1.pdf,25,Microsoft: Print To PDF,1,21,ocr,,https://hr.nih.gov/about/faq/benefits/pay/payroll
SLTB-vol-1.pdf,25,Microsoft: Print To PDF,1,22,ocr,,https://www.nih.gov/about-nih/visitor-information/maps
SLTB-vol-1.pdf,25,Microsoft: Print To PDF,1,23,ocr,,https://www.nih.gov/about-nih/visitor-information
SLTB-vol-1.pdf,25,Microsoft: Print To PDF,1,24,ocr,,https://www.nih.gov/research-training/training-opportunities
SLTB-vol-2.pdf,24,"PDFBase,WanCai.GZ",1,4,manifest,footer source URL,https://www.nih.nih.gov/about
SLTB-vol-2.pdf,24,"PDFBase,WanCai.GZ",1,5,manifest,footer source URL,https://www.nih.nih.gov/about
SLTB-vol-2.pdf,24,"PDFBase,WanCai.GZ",1,6,manifest,footer source URL,https://www.nih.nih.gov/about
SLTB-vol-2.pdf,24,"PDFBase,WanCai.GZ",1,7,manifest,footer source URL,https://www.nia.nih.gov/about/staff/hodes-richard
SLTB-vol-2.pdf,24,"PDFBase,WanCai.GZ",1,8,manifest,footer source URL,https://www.nia.nih.gov/about/staff/kelley-amy
SLTB-vol-2.pdf,24,"PDFBase,WanCai.GZ",1,9,manifest,footer source URL,https://www.nia.nih.gov/about/staff/shirdon-patrick
SLTB-vol-2.pdf,24,"PDFBase,WanCai.GZ",1,10,manifest,footer source URL,https://www.nia.nih.gov/about/staff/kelley-melinda
SLTB-vol-2.pdf,24,"PDFBase,WanCai.GZ",1,11,manifest,footer source URL,https://www.nia.nih.gov/about/staff/ferrucci-luigi
SLTB-vol-2.pdf,24,"PDFBase,WanCai.GZ",1,12,manifest,footer source URL,https://www.nia.nih.gov/about/staff/santora-kenneth
SLTB-vol-2.pdf,24,"PDFBase,WanCai.GZ",1,13,manifest,footer source URL,https://www.nia.nih.gov/about/staff/nielsen-helen
SLTB-vol-2.pdf,24,"PDFBase,WanCai.GZ",1,14,manifest,footer source URL,https://www.nia.nih.gov/about/staff/hadley-evan
SLTB-vol-2.pdf,24,"PDFBase,WanCai.GZ",1,15,manifest,footer source URL,https://www.nia.nih.gov/about/budget
SLTB-vol-2.pdf,24,"PDFBase,WanCai.GZ",1,16,manifest,footer source URL,https://hr.nih.gov/about/hr-contacts?ic=1611
SLTB-vol-2.pdf,24,"PDFBase,WanCai.GZ",1,17,manifest,footer source URL,https://www.nia.nih.gov/about/staff
SLTB-vol-2.pdf,24,"PDFBase,WanCai.GZ",1,18,manifest,footer source URL,https://hr.nih.gov/working-nih/dismissal-and-closures/procedures
SLTB-vol-2.pdf,24,"PDFBase,WanCai.GZ",1,19,manifest,footer source URL,https://hr.nih.gov/working-nih/dismissal-and-closures/procedures
SLTB-vol-2.pdf,24,"PDFBase,WanCai.GZ",1,20,manifest,footer source URL,https://hr.nih.gov/working-nih/dismissal-and-closures/procedures
SLTB-vol-2.pdf,24,"PDFBase,WanCai.GZ",1,21,manifest,footer source URL,https://hr.nih.gov/working-nih/dismissal-and-closures/procedures
SLTB-vol-2.pdf,24,"PDFBase,WanCai.GZ",1,22,manifest,footer source URL,https://hr.nih.gov/working-nih/dismissal-and-closures/procedures
SLTB-vol-2.pdf,24,"PDFBase,WanCai.GZ",1,23,manifest,footer source URL,https://www.nia.nih.gov/research/grants-funding/announcements
SLTB-vol-3.pdf,21,"PDFBase,WanCai.GZ",1,4,manifest,footer source URL,https://www.nia.nih.gov/research/dab
SLTB-vol-3.pdf,21,"PDFBase,WanCai.GZ",1,5,manifest,footer source URL,https://www.nia.nih.gov/research/dab
SLTB-vol-4.pdf,19,,0,2,annotation,,https://online.fliphtml5.com/dsred/btyc/
SLTB-vol-4.pdf,19,,0,2,annotation,,https://online.fliphtml5.com/dsred/btyc/
SLTB-vol-4.pdf,19,,0,3,annotation,,https://www.nih.gov/institutes-nih/nih-office-director
SLTB-vol-4.pdf,19,,0,3,annotation,,https://www.nih.gov/about-nih/who-we-are/nih-director
SLTB-vol-4.pdf,19,,0,3,annotation,,https://www.nih.gov/about-nih/who-we-are/nih-director
SLTB-vol-4.pdf,19,,0,3,annotation,,https://www.nih.gov/about-nih/what-we-do/nih-almanac/deputy-directors
SLTB-vol-4.pdf,19,,0,3,annotation,,https://www.nih.gov/about-nih/who-we-are/nih-director
SLTB-vol-4.pdf,19,,0,3,annotation,,https://www.nih.gov/about-nih/who-we-are/nih-director
SLTB-vol-4.pdf,19,,0,3,annotation,,https://www.nih.gov/about-nih/who-we-are/nih-leadership
SLTB-vol-4.pdf,19,,0,4,annotation,,https://www.nih.gov/about-nih/who-we-are/nih-leadership
SLTB-vol-4.pdf,19,,0,5,annotation,,https://www.nih.gov/institutes-nih/directors-nih-institutes-centers
SLTB-vol-4.pdf,19,,0,5,annotation,,https://www.nih.gov/about-nih/who-we-are/nih-director
SLTB-vol-4.pdf,19,,0,5,annotation,,https://www.nih.gov/about-nih/who-we-are/nih-director
SLTB-vol-4.pdf,19,,0,5,annotation,,https://www.cancer.gov/about-nci/leadership/director
SLTB-vol-4.pdf,19,,0,5,annotation,,https://www.cancer.gov/about-nci/leadership/director
SLTB-vol-4.pdf,19,,0,5,annotation,,https://www.nei.nih.gov/about/nei-leadership/michael-f-chiang-md
SLTB-vol-4.pdf,19,,0,5,annotation,,https://www.nei.nih.gov/about/nei-leadership/michael-f-chiang-md
SLTB-vol-4.pdf,19,,0,5,annotation,,https://www.nidcr.nih.gov/about-us/leadership-staff/office-of-the-director/rena-dsouza-dds-ms-phd
SLTB-vol-4.pdf,19,,0,5,annotation,,https://www.nidcr.nih.gov/about-us/leadership-staff/office-of-the-director/rena-dsouza-dds-ms-phd
SLTB-vol-4.pdf,19,,0,5,annotation,,https://www.nhlbi.nih.gov/about/leadership/gibbons-gary
SLTB-vol-4.pdf,19,,0,5,annotation,,https://www.nhlbi.nih.gov/about/leadership/gibbons-gary
SLTB-vol-4.pdf,19,,0,5,annotation,,https://www.genome.gov/About-NHGRI/Director
SLTB-vol-4.pdf,19,,0,5,annotation,,https://www.genome.gov/About-NHGRI/Director
SLTB-vol-4.pdf,19,,0,5,annotation,,https://www.niaid.nih.gov/about/director
SLTB-vol-4.pdf,19,,0,5,annotation,,https://www.niaid.nih.gov/about/director
SLTB-vol-4.pdf,19,,0,5,annotation,,https://www.nia.nih.gov/about/staff/hodes-richard
SLTB-vol-4.pdf,19,,0,5,annotation,,https://www.niams.nih.gov/about/about-the-director
SLTB-vol-4.pdf,19,,0,5,annotation,,https://www.niams.nih.gov/about/about-the-director
SLTB-vol-4.pdf,19,,0,5,annotation,,https://www.niaaa.nih.gov/about-niaaa/directors-page
SLTB-vol-4.pdf,19,,0,5,annotation,,https://www.nibib.nih.gov/about-nibib/staff/bruce-j-tromberg
SLTB-vol-4.pdf,19,,0,5,annotation,,https://www.nibib.nih.gov/about-nibib/staff/bruce-j-tromberg
SLTB-vol-4.pdf,19,,0,5,annotation,,https://www.nichd.nih.gov/about/profiles/leadership/director
SLTB-vol-4.pdf,19,,0,5,annotation,,https://www.nichd.nih.gov/about/profiles/leadership/director
SLTB-vol-4.pdf,19,,0,5,annotation,,https://www.nidcd.nih.gov/about/staff/debara-tucci
SLTB-vol-4.pdf,19,,0,5,annotation,,https://www.nidcd.nih.gov/about/staff/debara-tucci
SLTB-vol-4.pdf,19,,0,6,annotation,,https://www.nigms.nih.gov/about/director/pages/default.aspx
SLTB-vol-4.pdf,19,,0,6,annotation,,https://www.nimh.nih.gov/about/director
SLTB-vol-4.pdf,19,,0,6,annotation,,https://www.nimh.nih.gov/about/director
SLTB-vol-4.pdf,19,,0,6,annotation,,https://www.cc.nih.gov/about/senior-staff/james-gilman
SLTB-vol-4.pdf,19,,0,6,annotation,,https://www.cc.nih.gov/about/senior-staff/james-gilman
SLTB-vol-4.pdf,19,,0,6,annotation,,https://nimhd.nih.gov/about/directors-corner/about.html
SLTB-vol-4.pdf,19,,0,6,annotation,,https://nimhd.nih.gov/about/directors-corner/about.html
SLTB-vol-4.pdf,19,,0,6,annotation,,https://www.ninds.nih.gov/about-ninds/who-we-are/directors-corner
SLTB-vol-4.pdf,19,,0,6,annotation,,https://www.ninds.nih.gov/about-ninds/who-we-are/directors-corner
SLTB-vol-4.pdf,19,,0,6,annotation,,https://cit.nih.gov/about-cit/leadership
SLTB-vol-4.pdf,19,,0,6,annotation,,https://www.ninr.nih.gov/aboutninr/shannon-n-zenk-phd-mph-rn-faan
SLTB-vol-4.pdf,19,,0,6,annotation,,https://www.ninr.nih.gov/aboutninr/shannon-n-zenk-phd-mph-rn-faan
SLTB-vol-4.pdf,19,,0,6,annotation,,https://public.csr.nih.gov/AboutCSR/Director
SLTB-vol-4.pdf,19,,0,6,annotation,,https://www.nlm.nih.gov/od/roster/Stephen-Sherry-bio.html
SLTB-vol-4.pdf,19,,0,6,annotation,,https://www.nlm.nih.gov/od/roster/Stephen-Sherry-bio.html
SLTB-vol-4.pdf,19,,0,6,annotation,,https://www.fic.nih.gov/About/Pages/director-bio.aspx
SLTB-vol-4.pdf,19,,0,6,annotation,,https://www.fic.nih.gov/About/Pages/director-bio.aspx
SLTB-vol-4.pdf,19,,0,6,annotation,,https://www.nccih.nih.gov/about/offices/od/about-director
SLTB-vol-4.pdf,19,,0,6,annotation,,https://www.nccih.nih.gov/about/offices/od/about-director
SLTB-vol-4.pdf,19,,0,6,annotation,,https://ncats.nih.gov/about/director/bio
SLTB-vol-4.pdf,19,,0,6,annotation,,https://hr.nih.gov/jobs/executive/lookbook/niddk/director
SLTB-vol-4.pdf,19,,0,6,annotation,,https://hr.nih.gov/jobs/executive/lookbook/niddk/director
SLTB-vol-4.pdf,19,,0,6,annotation,,https://nida.nih.gov/about-nida/directors-page
SLTB-vol-4.pdf,19,,0,6,annotation,,https://www.niehs.nih.gov/about/od/director
SLTB-vol-4.pdf,19,,0,6,annotation,,https://www.nih.gov/institutes-nih/directors-nih-institutes-centers
SLTB-vol-4.pdf,19,,0,8,annotation,,https://online.fliphtml5.com/dsred/nhrk/
SLTB-vol-4.pdf,19,,0,8,annotation,,https://online.fliphtml5.com/dsred/waqu/
SLTB-vol-4.pdf,19,,0,9,annotation,,https://www.nia.nih.gov/about/staff/hodes-richard
SLTB-vol-4.pdf,19,,0,9,annotation,,https://www.nia.nih.gov/about/staff/kelley-amy
SLTB-vol-4.pdf,19,,0,9,annotation,,https://www.nia.nih.gov/about/staff/shirdon-patrick
SLTB-vol-4.pdf,19,,0,9,annotation,,https://www.nia.nih.gov/about/staff/kelley-melinda
SLTB-vol-4.pdf,19,,0,9,annotation,,https://www.nia.nih.gov/about/staff/ferrucci-luigi
SLTB-vol-4.pdf,19,,0,9,annotation,,https://www.nia.nih.gov/about/staff/santora-kenneth
SLTB-vol-4.pdf,19,,0,9,annotation,,https://www.nia.nih.gov/about/staff/nielsen-helen
SLTB-vol-4.pdf,19,,0,9,annotation,,https://www.nia.nih.gov/research/dgcg/about-gcg-staff-listings
SLTB-vol-4.pdf,19,,0,9,annotation,,https://www.nia.nih.gov/about/staff/kelley-amy
SLTB-vol-4.pdf,19,,0,14,annotation,,https://online.fliphtml5.com/dsred/aaez/
SLTB-vol-4.pdf,19,,0,14,annotation,,https://online.fliphtml5.com/dsred/rcfx/
SLTB-vol-4.pdf,19,,0,19,annotation,,https://online.fliphtml5.com/dsred/waqu/
SLTB-vol-4.pdf,19,,0,19,annotation,,https://online.fliphtml5.com/dsred/aaez/
SLTB-vol-4.pdf,19,,0,19,annotation,,https://online.fliphtml5.com/dsred/btyc/
