role_key,role,pdf_page,book_name,current_name
NIH-DIR,NIH Director,3,"Monica M. Bertagnolli, M.D.","Jay Bhattacharya, M.D., Ph.D."
OD-PDD,Principal Deputy Director,3,"Lawrence A. Tabak, D.D.S., Ph.D.","Matthew J. Memoli, M.D., M.S."
OD-DDIR,Deputy Director for Intramural Research,3,"Nina F. Schor, M.D., Ph.D.","Roland A. Owens, Ph.D. (Acting)"
OD-DPCPSI,"Deputy Director for Program Coordination, Planning, and Strategic Initiatives",3,"Tara A. Schwetz, Ph.D.","Nicole C. Kleinstreuer, Ph.D."
OD-DDER,Deputy Director for Extramural Research,3,"Michael S. Lauer, M.D.","Jon R. Lorsch, Ph.D."
OD-DDM,Deputy Director for Management,3,"Alfred C. Johnson, Ph.D.","Alfred C. Johnson, Ph.D."
NCI,National Cancer Institute,10,"W. Kimryn Rathmell, M.D., Ph.D.","Anthony Letai, M.D., Ph.D."
NEI,National Eye Institute,10,"Michael F. Chiang, M.D.","Michael F. Chiang, M.D."
NHLBI,"National Heart, Lung, and Blood Institute",10,"Gary H. Gibbons, M.D.","David C. Goff, M.D., Ph.D. (Acting)"
NHGRI,National Human Genome Research Institute,10,"Eric D. Green, M.D., Ph.D.","Carolyn Hutter, Ph.D. (Acting)"
NIA,National Institute on Aging,10,"Richard Hodes, M.D.","Richard J. Hodes, M.D."
NIAAA,National Institute on Alcohol Abuse and Alcoholism,10,"George Koob, Ph.D.","George Koob, Ph.D."
NIAID,National Institute of Allergy and Infectious Diseases,10,"Jeanne M. Marrazzo, M.D., M.P.H.","John H. Powers III, M.D. (Acting)"
NIAMS,National Institute of Arthritis and Musculoskeletal and Skin Diseases,10,"Lindsey A. Criswell, M.D., M.P.H., D.Sc.","Anna E. Mazzucco, Ph.D. (Acting)"
NIBIB,National Institute of Biomedical Imaging and Bioengineering,10,"Bruce J. Tromberg, Ph.D.","Bruce Tromberg, Ph.D."
NICHD,Eunice Kennedy Shriver National Institute of Child Health and Human Development,10,"Diana W. Bianchi, M.D.","Rohan Hazra, M.D. (Acting)"
NIDCD,National Institute on Deafness and Other Communication Disorders,10,"Debara L. Tucci, M.D., M.S., M.B.A.","Debara L. Tucci, M.D., M.S., M.B.A."
NIDCR,National Institute of Dental and Craniofacial Research,10,"Rena D'Souza, D.D.S., M.S., Ph.D.","Jennifer Webster-Cyriaque, D.D.S., Ph.D. (Acting)"
NIDDK,National Institute of Diabetes and Digestive and Kidney Diseases,11,"Griffin P. Rodgers, M.D., M.A.C.P.","Griffin P. Rodgers, M.D., M.A.C.P."
NIDA,National Institute on Drug Abuse,11,"Nora D. Volkow, M.D.","Nora D. Volkow, M.D."
NIEHS,National Institute of Environmental Health Sciences,11,"Rick Woychik, Ph.D.","Kyle Walsh, Ph.D."
NIGMS,National Institute of General Medical Sciences,11,"Jon R. Lorsch, Ph.D.","Erica Brown, Ph.D. (Acting)"
NIMH,National Institute of Mental Health,11,"Shelli Avenevoli, Ph.D.","Andrea Beckel-Mitchener, Ph.D. (Acting)"
NIMHD,National Institute on Minority Health and Health Disparities,11,"Eliseo J. Pérez-Stable, M.D.","Monica Webb Hooper, Ph.D. (Acting)"
NINDS,National Institute of Neurological Disorders and Stroke,11,"Walter J. Koroshetz, M.D.","Amy Bany Adams, Ph.D. (Acting)"
NINR,National Institute of Nursing Research,11,"Shannon N. Zenk, Ph.D., MPH, RN, FAAN","Courtney Aklin, Ph.D. (Acting)"
NLM,National Library of Medicine,11,"Stephen Sherry, Ph.D. (Acting)","Stephen Sherry, Ph.D. (Acting)"
CIT,Center for Information Technology,11,"Sean Mooney, Ph.D.","Sean Mooney, Ph.D."
CSR,Center for Scientific Review,11,"Noni Byrnes, Ph.D.","Raymond Jacobson, Ph.D."
FIC,John E. Fogarty International Center,11,"Kathleen M. Neuzil, M.D., M.P.H.","Steven Schiff, M.D., Ph.D."
NCCIH,National Center for Complementary and Integrative Health,11,"Helene M. Langevin, M.D.","David Shurtleff, Ph.D. (Acting)"
NCATS,National Center for Advancing Translational Sciences,11,"Joni L. Rutter, Ph.D.","Joni L. Rutter, Ph.D."
CC,NIH Clinical Center,11,"James K. Gilman, M.D.","Jonathan M. Green, M.D., M.B.A."
