role_key,role,pdf_page,book_name,current_name,note
NIA-DIR,NIA Director (Vol 2),7,"Richard J. Hodes, M.D.","Richard J. Hodes, M.D.",Listed on nia.nih.gov/about; signed a July 2026 NIA blog post as Director
NIA-DDIR,NIA Deputy Director (Vol 2),8,"Amy Kelley, M.D., M.S.H.S.","Amy Kelley, M.D., M.S.H.S.",Listed on nia.nih.gov/about
NIA-DN,"Director, Division of Neuroscience (Vol 2)",8,"Amy Kelley, M.D., M.S.H.S. (Acting)",,NIA opened a search for a permanent director in July 2026; current acting head not confirmed
DAB-DIR,"Director, Division of Aging Biology (Vol 3)",6,"Stacy Carrington-Lawrence, Ph.D. (Acting)",Viviana Perez,"Per NIA announcement ""Dr. Viviana Perez to lead NIA's Division of Aging Biology"""
NIA-DOM,Director of Management (Vol 2),9,Patrick Shirdon,,nia.nih.gov staff pages blocked automated checks; verify by hand
NIA-ADSSIM,"Associate Director for Scientific Strategy, Innovation, and Management (Vol 2)",10,"Melinda Kelley, Ph.D.",,Not verified
NIA-SD,Scientific Director (Vol 2),11,"Luigi Ferrucci, M.D., Ph.D.",,Not verified
NIA-DEA,"Director, Division of Extramural Activities (Vol 2)",12,"Kenneth Santora, Ph.D.",,Not verified
NIA-DBSR,"Director, Division of Behavioral and Social Research (Vol 2)",13,"Lisbeth Nielsen, Ph.D.",,Not verified
NIA-DGCG,"Director, Division of Geriatrics and Clinical Gerontology (Vol 2)",14,Evan Hadley,,Not verified
